run,time_taken,iterations,verified,annotated_contract,status
1,36.3119580745697,0,True,"pragma solidity >=0.5.0;

contract ERC20 {

    mapping (address => uint) _balances;
    mapping (address => mapping (address => uint)) _allowed;
    uint public _totalSupply;

    /**
    * Returns the total token supply.
    */
    /// @notice postcondition supply == _totalSupply
    function totalSupply() public view returns (uint256 supply);
    
    /**
    * Transfers `_value` amount of tokens to address `_to`, and MUST fire the `Transfer` event.
    * The function SHOULD `throw` if the message caller's account balance does not have enough tokens to spend.
    * *Note* Transfers of 0 values MUST be treated as normal transfers and fire the `Transfer` event.
    */
    /// @notice  postcondition ( ( _balances[msg.sender] ==  __verifier_old_uint (_balances[msg.sender] ) - _value  && msg.sender  != _to ) ||   ( _balances[msg.sender] ==  __verifier_old_uint ( _balances[msg.sender]) && msg.sender  == _to ) &&  success )   || !success
    /// @notice  postcondition ( ( _balances[_to] ==  __verifier_old_uint ( _balances[_to] ) + _value  && msg.sender  != _to ) ||   ( _balances[_to] ==  __verifier_old_uint ( _balances[_to] ) && msg.sender  == _to )  )   || !success
    function transfer(address _to, uint _value) public returns (bool success);

    /**
    * Transfers `_value` amount of tokens from address `_from` to address `_to`, and MUST fire the `Transfer` event.
    * The `transferFrom` method is used for a withdraw workflow, allowing contracts to transfer tokens on your behalf.
    * This can be used for example to allow a contract to transfer tokens on your behalf and/or to charge fees in sub-currencies.
    * The function SHOULD `throw` unless the `_from` account has deliberately authorized the sender of the message via some mechanism.
    * *Note* Transfers of 0 values MUST be treated as normal transfers and fire the `Transfer` event.
    */
    /// @notice  postcondition ( ( _balances[_from] ==  __verifier_old_uint (_balances[_from] ) - _value  &&  _from  != _to ) || ( _balances[_from] ==  __verifier_old_uint ( _balances[_from] ) &&  _from == _to ) && success ) || !success 
    /// @notice  postcondition ( ( _balances[_to] ==  __verifier_old_uint ( _balances[_to] ) + _value  &&  _from  != _to ) || ( _balances[_to] ==  __verifier_old_uint ( _balances[_to] ) &&  _from  == _to ) && success ) || !success 
    /// @notice  postcondition ( _allowed[_from ][msg.sender] ==  __verifier_old_uint (_allowed[_from ][msg.sender] ) - _value && success) || ( _allowed[_from ][msg.sender] ==  __verifier_old_uint (_allowed[_from ][msg.sender]) && !success) ||  _from  == msg.sender
    /// @notice  postcondition  _allowed[_from ][msg.sender]  <= __verifier_old_uint (_allowed[_from ][msg.sender] ) ||  _from  == msg.sender
    function transferFrom(address _from, address _to, uint _value) public returns (bool success);

    /**
    * Allows `_spender` to withdraw from your account multiple times, up to the `_value` amount. If this function is called again it overwrites the current allowance with `_value`.
    */
    /// @notice  postcondition (_allowed[msg.sender ][ _spender] ==  _value  &&  success) || ( _allowed[msg.sender ][ _spender] ==  __verifier_old_uint ( _allowed[msg.sender ][ _spender] ) && !success )    
    function approve(address _spender, uint _value) public returns (bool success);

    /**
    * Returns the account balance of another account with address `_owner`.
    */
    /// @notice postcondition _balances[_owner] == balance
    function balanceOf(address _owner) public view returns (uint balance);

    /**
    * Returns the amount which `_spender` is still allowed to withdraw from `_owner`.
    */
    /// @notice postcondition _allowed[_owner][_spender] == remaining
    function allowance(address _owner, address _spender) public view returns (uint remaining);
}
",[]
2,86.85670042037964,1,True,"pragma solidity >=0.5.0;

contract ERC20 {

    mapping (address => uint) _balances;
    mapping (address => mapping (address => uint)) _allowed;
    uint public _totalSupply;

    /**
    * Returns the total token supply.
    */
    /// @notice postcondition supply == _totalSupply
    function totalSupply() public view returns (uint256 supply);
    
    /**
    * Transfers `_value` amount of tokens to address `_to`, and MUST fire the `Transfer` event.
    * The function SHOULD `throw` if the message caller's account balance does not have enough tokens to spend.
    * 
    * *Note* Transfers of 0 values MUST be treated as normal transfers and fire the `Transfer` event.
    */
    /// @notice postcondition ( ( _balances[msg.sender] ==  __verifier_old_uint (_balances[msg.sender] ) - _value  && msg.sender  != _to ) ||   ( _balances[msg.sender] ==  __verifier_old_uint ( _balances[msg.sender]) && msg.sender  == _to ) &&  success )   || !success
    /// @notice postcondition ( ( _balances[_to] ==  __verifier_old_uint ( _balances[_to] ) + _value  && msg.sender  != _to ) ||   ( _balances[_to] ==  __verifier_old_uint ( _balances[_to] ) && msg.sender  == _to )  )   || !success
    /// @notice postcondition _balances[msg.sender] >= 0
    function transfer(address _to, uint256 _value) public returns (bool success);

    /**
    * Transfers `_value` amount of tokens from address `_from` to address `_to`, and MUST fire the `Transfer` event.
    * The `transferFrom` method is used for a withdraw workflow, allowing contracts to transfer tokens on your behalf.
    * This can be used for example to allow a contract to transfer tokens on your behalf and/or to charge fees in sub-currencies.
    * The function SHOULD `throw` unless the `_from` account has deliberately authorized the sender of the message via some mechanism.
    * *Note* Transfers of 0 values MUST be treated as normal transfers and fire the `Transfer` event.
    */
    /// @notice postcondition ( ( _balances[_from] ==  __verifier_old_uint (_balances[_from] ) - _value  &&  _from  != _to ) || ( _balances[_from] ==  __verifier_old_uint ( _balances[_from] ) &&  _from == _to ) && success ) || !success 
    /// @notice postcondition ( ( _balances[_to] ==  __verifier_old_uint ( _balances[_to] ) + _value  &&  _from  != _to ) || ( _balances[_to] ==  __verifier_old_uint ( _balances[_to] ) &&  _from  == _to ) && success ) || !success 
    /// @notice postcondition ( _allowed[_from ][msg.sender] ==  __verifier_old_uint (_allowed[_from ][msg.sender] ) - _value && success) || ( _allowed[_from ][msg.sender] ==  __verifier_old_uint (_allowed[_from ][msg.sender]) && !success) ||  _from  == msg.sender
    /// @notice postcondition  _allowed[_from ][msg.sender]  <= __verifier_old_uint (_allowed[_from ][msg.sender] ) ||  _from  == msg.sender
    function transferFrom(address _from, address _to, uint256 _value) public returns (bool success);

    /**
    * Allows `_spender` to withdraw from your account multiple times, up to the `_value` amount. If this function is called again it overwrites the current allowance with `_value`.
    */
    /// @notice postcondition (_allowed[msg.sender ][ _spender] ==  _value  &&  success) || ( _allowed[msg.sender ][ _spender] ==  __verifier_old_uint ( _allowed[msg.sender ][ _spender] ) && !success )    
    function approve(address _spender, uint256 _value) public returns (bool success);

    /**
    * Returns the account balance of another account with address `_owner`.
    */
    /// @notice postcondition _balances[_owner] == balance
    function balanceOf(address _owner) public view returns (uint256 balance);

    /**
    * Returns the amount which `_spender` is still allowed to withdraw from `_owner`.
    */
    /// @notice postcondition _allowed[_owner][_spender] == remaining
    function allowance(address _owner, address _spender) public view returns (uint256 remaining);
}
","[""Iteraction: 1\nERC20::totalSupply: OK\nERC20::balanceOf: OK\nERC20::allowance: OK\nERC20::transfer: ERROR\n - ./solc_verify_generator/ERC20/imp/ERC20_merge.sol:73:5: Postcondition '_balances[_to] >= 0' might not hold at end of function.\nERC20::approve: OK\nERC20::transferFrom: OK\nERC20::increaseAllowance: OK\nERC20::decreaseAllowance: OK\nERC20::[implicit_constructor]: OK\nIERC20::[implicit_constructor]: OK\nErrors were found by the verifier.\n\n""]"
3,44.44633412361145,0,True,"pragma solidity >=0.5.0;

contract ERC20 {

    mapping (address => uint) _balances;
    mapping (address => mapping (address => uint)) _allowed;
    uint public _totalSupply;

    /**
    * Returns the total token supply.
    */
    /// @notice postcondition supply == _totalSupply
    function totalSupply() public view returns (uint256 supply);
    
    /**
    * Transfers `_value` amount of tokens to address `_to`, and MUST fire the `Transfer` event.
    * The function SHOULD `throw` if the message caller's account balance does not have enough tokens to spend.
    * *Note* Transfers of 0 values MUST be treated as normal transfers and fire the `Transfer` event.
    */
    /// @notice  postcondition ( ( _balances[msg.sender] ==  __verifier_old_uint (_balances[msg.sender] ) - _value  && msg.sender  != _to ) ||   ( _balances[msg.sender] ==  __verifier_old_uint ( _balances[msg.sender]) && msg.sender  == _to ) &&  success )   || !success
    /// @notice  postcondition ( ( _balances[_to] ==  __verifier_old_uint ( _balances[_to] ) + _value  && msg.sender  != _to ) ||   ( _balances[_to] ==  __verifier_old_uint ( _balances[_to] ) && msg.sender  == _to )  )   || !success
    function transfer(address _to, uint _value) public returns (bool success);

    /**
    * Transfers `_value` amount of tokens from address `_from` to address `_to`, and MUST fire the `Transfer` event.
    * The `transferFrom` method is used for a withdraw workflow, allowing contracts to transfer tokens on your behalf.
    * This can be used for example to allow a contract to transfer tokens on your behalf and/or to charge fees in sub-currencies.
    * The function SHOULD `throw` unless the `_from` account has deliberately authorized the sender of the message via some mechanism.
    * *Note* Transfers of 0 values MUST be treated as normal transfers and fire the `Transfer` event.
    */
    /// @notice  postcondition ( ( _balances[_from] ==  __verifier_old_uint (_balances[_from] ) - _value  &&  _from  != _to ) || ( _balances[_from] ==  __verifier_old_uint ( _balances[_from] ) &&  _from == _to ) && success ) || !success 
    /// @notice  postcondition ( ( _balances[_to] ==  __verifier_old_uint ( _balances[_to] ) + _value  &&  _from  != _to ) || ( _balances[_to] ==  __verifier_old_uint ( _balances[_to] ) &&  _from  == _to ) && success ) || !success 
    /// @notice  postcondition ( _allowed[_from ][msg.sender] ==  __verifier_old_uint (_allowed[_from ][msg.sender] ) - _value && success) || ( _allowed[_from ][msg.sender] ==  __verifier_old_uint (_allowed[_from ][msg.sender]) && !success) ||  _from  == msg.sender
    /// @notice  postcondition  _allowed[_from ][msg.sender]  <= __verifier_old_uint (_allowed[_from ][msg.sender] ) ||  _from  == msg.sender
    function transferFrom(address _from, address _to, uint _value) public returns (bool success);

    /**
    * Allows `_spender` to withdraw from your account multiple times, up to the `_value` amount. If this function is called again it overwrites the current allowance with `_value`.
    */
    /// @notice  postcondition (_allowed[msg.sender ][ _spender] ==  _value  &&  success) || ( _allowed[msg.sender ][ _spender] ==  __verifier_old_uint ( _allowed[msg.sender ][ _spender] ) && !success )    
    function approve(address _spender, uint _value) public returns (bool success);

    /**
    * Returns the account balance of another account with address `_owner`.
    */
    /// @notice postcondition _balances[_owner] == balance
    function balanceOf(address _owner) public view returns (uint balance);

    /**
    * Returns the amount which `_spender` is still allowed to withdraw from `_owner`.
    */
    /// @notice postcondition _allowed[_owner][_spender] == remaining
    function allowance(address _owner, address _spender) public view returns (uint remaining);
}
",[]
4,51.49461841583252,0,True,"pragma solidity >=0.5.0;

contract ERC20 {

    mapping (address => uint) _balances;
    mapping (address => mapping (address => uint)) _allowed;
    uint public _totalSupply;

    /**
    * Returns the total token supply.
    */
    /// @notice postcondition supply == _totalSupply
    function totalSupply() public view returns (uint256 supply);
    
    /**
    * Transfers `_value` amount of tokens to address `_to`, and MUST fire the `Transfer` event.
    * The function SHOULD `throw` if the message caller's account balance does not have enough tokens to spend.
    * *Note* Transfers of 0 values MUST be treated as normal transfers and fire the `Transfer` event.
    */
    /// @notice postcondition ( ( _balances[msg.sender] ==  __verifier_old_uint (_balances[msg.sender] ) - _value  && msg.sender  != _to ) ||   ( _balances[msg.sender] ==  __verifier_old_uint ( _balances[msg.sender]) && msg.sender  == _to ) &&  success )   || !success
    /// @notice postcondition ( ( _balances[_to] ==  __verifier_old_uint ( _balances[_to] ) + _value  && msg.sender  != _to ) ||   ( _balances[_to] ==  __verifier_old_uint ( _balances[_to] ) && msg.sender  == _to )  )   || !success
    function transfer(address _to, uint _value) public returns (bool success);

    /**
    * Transfers `_value` amount of tokens from address `_from` to address `_to`, and MUST fire the `Transfer` event.
    * The `transferFrom` method is used for a withdraw workflow, allowing contracts to transfer tokens on your behalf.
    * This can be used for example to allow a contract to transfer tokens on your behalf and/or to charge fees in sub-currencies.
    * The function SHOULD `throw` unless the `_from` account has deliberately authorized the sender of the message via some mechanism.
    * *Note* Transfers of 0 values MUST be treated as normal transfers and fire the `Transfer` event.
    */
    /// @notice postcondition ( ( _balances[_from] ==  __verifier_old_uint (_balances[_from] ) - _value  &&  _from  != _to ) || ( _balances[_from] ==  __verifier_old_uint ( _balances[_from] ) &&  _from == _to ) && success ) || !success 
    /// @notice postcondition ( ( _balances[_to] ==  __verifier_old_uint ( _balances[_to] ) + _value  &&  _from  != _to ) || ( _balances[_to] ==  __verifier_old_uint ( _balances[_to] ) &&  _from  == _to ) && success ) || !success 
    /// @notice postcondition ( _allowed[_from ][msg.sender] ==  __verifier_old_uint (_allowed[_from ][msg.sender] ) - _value && success) || ( _allowed[_from ][msg.sender] ==  __verifier_old_uint (_allowed[_from ][msg.sender]) && !success) ||  _from  == msg.sender
    /// @notice postcondition  _allowed[_from ][msg.sender]  <= __verifier_old_uint (_allowed[_from ][msg.sender] ) ||  _from  == msg.sender
    function transferFrom(address _from, address _to, uint _value) public returns (bool success);

    /**
    * Allows `_spender` to withdraw from your account multiple times, up to the `_value` amount. If this function is called again it overwrites the current allowance with `_value`.
    */
    /// @notice postcondition (_allowed[msg.sender ][ _spender] ==  _value  &&  success) || ( _allowed[msg.sender ][ _spender] ==  __verifier_old_uint ( _allowed[msg.sender ][ _spender] ) && !success )    
    function approve(address _spender, uint _value) public returns (bool success);

    /**
    * Returns the account balance of another account with address `_owner`.
    */
    /// @notice postcondition _balances[_owner] == balance
    function balanceOf(address _owner) public view returns (uint balance);

    /**
    * Returns the amount which `_spender` is still allowed to withdraw from `_owner`.
    */
    /// @notice postcondition _allowed[_owner][_spender] == remaining
    function allowance(address _owner, address _spender) public view returns (uint remaining);
}
",[]
5,40.16555976867676,0,True,"pragma solidity >=0.5.0;

contract ERC20 {

    mapping (address => uint) _balances;
    mapping (address => mapping (address => uint)) _allowed;
    uint public _totalSupply;

    /**
    * Returns the total token supply.
    */
    /// @notice postcondition supply == _totalSupply
    function totalSupply() public view returns (uint256 supply);
    
    /**
    * Transfers `_value` amount of tokens to address `_to`, and MUST fire the `Transfer` event.
    * The function SHOULD `throw` if the message caller's account balance does not have enough tokens to spend.
    * *Note* Transfers of 0 values MUST be treated as normal transfers and fire the `Transfer` event.
    */
    /// @notice postcondition ( ( _balances[msg.sender] ==  __verifier_old_uint (_balances[msg.sender] ) - _value  && msg.sender  != _to ) ||   ( _balances[msg.sender] ==  __verifier_old_uint ( _balances[msg.sender]) && msg.sender  == _to ) &&  success )   || !success
    /// @notice postcondition ( ( _balances[_to] ==  __verifier_old_uint ( _balances[_to] ) + _value  && msg.sender  != _to ) ||   ( _balances[_to] ==  __verifier_old_uint ( _balances[_to] ) && msg.sender  == _to )  )   || !success
    function transfer(address _to, uint _value) public returns (bool success);

    /**
    * Transfers `_value` amount of tokens from address `_from` to address `_to`, and MUST fire the `Transfer` event.
    * The `transferFrom` method is used for a withdraw workflow, allowing contracts to transfer tokens on your behalf.
    * This can be used for example to allow a contract to transfer tokens on your behalf and/or to charge fees in sub-currencies.
    * The function SHOULD `throw` unless the `_from` account has deliberately authorized the sender of the message via some mechanism.
    * *Note* Transfers of 0 values MUST be treated as normal transfers and fire the `Transfer` event.
    */
    /// @notice postcondition ( ( _balances[_from] ==  __verifier_old_uint (_balances[_from] ) - _value  &&  _from  != _to ) || ( _balances[_from] ==  __verifier_old_uint ( _balances[_from] ) &&  _from == _to ) && success ) || !success 
    /// @notice postcondition ( ( _balances[_to] ==  __verifier_old_uint ( _balances[_to] ) + _value  &&  _from  != _to ) || ( _balances[_to] ==  __verifier_old_uint ( _balances[_to] ) &&  _from  == _to ) && success ) || !success 
    /// @notice postcondition ( _allowed[_from ][msg.sender] ==  __verifier_old_uint (_allowed[_from ][msg.sender] ) - _value && success) || ( _allowed[_from ][msg.sender] ==  __verifier_old_uint (_allowed[_from ][msg.sender]) && !success) ||  _from  == msg.sender
    function transferFrom(address _from, address _to, uint _value) public returns (bool success);

    /**
    * Allows `_spender` to withdraw from your account multiple times, up to the `_value` amount. If this function is called again it overwrites the current allowance with `_value`.
    */
    /// @notice postcondition (_allowed[msg.sender ][ _spender] ==  _value  &&  success) || ( _allowed[msg.sender ][ _spender] ==  __verifier_old_uint ( _allowed[msg.sender ][ _spender] ) && !success )    
    function approve(address _spender, uint _value) public returns (bool success);

    /**
    * Returns the account balance of another account with address `_owner`.
    */
    /// @notice postcondition _balances[_owner] == balance
    function balanceOf(address _owner) public view returns (uint balance);

    /**
    * Returns the amount which `_spender` is still allowed to withdraw from `_owner`.
    */
    /// @notice postcondition _allowed[_owner][_spender] == remaining
    function allowance(address _owner, address _spender) public view returns (uint remaining);
}
",[]
6,33.22250175476074,0,True,"pragma solidity >=0.5.0;

contract ERC20 {

    mapping (address => uint) _balances;
    mapping (address => mapping (address => uint)) _allowed;
    uint public _totalSupply;

    /**
    * Returns the total token supply.
    */
    /// @notice postcondition supply == _totalSupply
    function totalSupply() public view returns (uint256 supply);
    
    /**
    * Transfers `_value` amount of tokens to address `_to`, and MUST fire the `Transfer` event.
    * The function SHOULD `throw` if the message caller's account balance does not have enough tokens to spend.
    * *Note* Transfers of 0 values MUST be treated as normal transfers and fire the `Transfer` event.
    */
    /// @notice  postcondition ( ( _balances[msg.sender] ==  __verifier_old_uint (_balances[msg.sender] ) - _value  && msg.sender  != _to ) ||   ( _balances[msg.sender] ==  __verifier_old_uint ( _balances[msg.sender]) && msg.sender  == _to ) &&  success )   || !success
    /// @notice  postcondition ( ( _balances[_to] ==  __verifier_old_uint ( _balances[_to] ) + _value  && msg.sender  != _to ) ||   ( _balances[_to] ==  __verifier_old_uint ( _balances[_to] ) && msg.sender  == _to )  )   || !success
    function transfer(address _to, uint _value) public returns (bool success);

    /**
    * Transfers `_value` amount of tokens from address `_from` to address `_to`, and MUST fire the `Transfer` event.
    * The `transferFrom` method is used for a withdraw workflow, allowing contracts to transfer tokens on your behalf.
    * This can be used for example to allow a contract to transfer tokens on your behalf and/or to charge fees in sub-currencies.
    * The function SHOULD `throw` unless the `_from` account has deliberately authorized the sender of the message via some mechanism.
    * *Note* Transfers of 0 values MUST be treated as normal transfers and fire the `Transfer` event.
    */
    /// @notice  postcondition ( ( _balances[_from] ==  __verifier_old_uint (_balances[_from] ) - _value  &&  _from  != _to ) || ( _balances[_from] ==  __verifier_old_uint ( _balances[_from] ) &&  _from == _to ) && success ) || !success 
    /// @notice  postcondition ( ( _balances[_to] ==  __verifier_old_uint ( _balances[_to] ) + _value  &&  _from  != _to ) || ( _balances[_to] ==  __verifier_old_uint ( _balances[_to] ) &&  _from  == _to ) && success ) || !success 
    /// @notice  postcondition ( _allowed[_from ][msg.sender] ==  __verifier_old_uint (_allowed[_from ][msg.sender] ) - _value && success) || ( _allowed[_from ][msg.sender] ==  __verifier_old_uint (_allowed[_from ][msg.sender]) && !success) ||  _from  == msg.sender
    /// @notice  postcondition  _allowed[_from ][msg.sender]  <= __verifier_old_uint (_allowed[_from ][msg.sender] ) ||  _from  == msg.sender
    function transferFrom(address _from, address _to, uint _value) public returns (bool success);

    /**
    * Allows `_spender` to withdraw from your account multiple times, up to the `_value` amount. If this function is called again it overwrites the current allowance with `_value`.
    */
    /// @notice  postcondition (_allowed[msg.sender ][ _spender] ==  _value  &&  success) || ( _allowed[msg.sender ][ _spender] ==  __verifier_old_uint ( _allowed[msg.sender ][ _spender] ) && !success )    
    function approve(address _spender, uint _value) public returns (bool success);

    /**
    * Returns the account balance of another account with address `_owner`.
    */
    /// @notice postcondition _balances[_owner] == balance
    function balanceOf(address _owner) public view returns (uint balance);

    /**
    * Returns the amount which `_spender` is still allowed to withdraw from `_owner`.
    */
    /// @notice postcondition _allowed[_owner][_spender] == remaining
    function allowance(address _owner, address _spender) public view returns (uint remaining);
}
",[]
7,33.19957613945007,0,True,"pragma solidity >=0.5.0;

contract ERC20 {

    mapping (address => uint) _balances;
    mapping (address => mapping (address => uint)) _allowed;
    uint public _totalSupply;

    /**
    * Returns the total token supply.
    */
    /// @notice postcondition supply == _totalSupply
    function totalSupply() public view returns (uint256 supply);
    
    /**
    * Transfers `_value` amount of tokens to address `_to`, and MUST fire the `Transfer` event.
    * The function SHOULD `throw` if the message caller's account balance does not have enough tokens to spend.
    * *Note* Transfers of 0 values MUST be treated as normal transfers and fire the `Transfer` event.
    */
    /// @notice postcondition ( ( _balances[msg.sender] ==  __verifier_old_uint (_balances[msg.sender] ) - _value  && msg.sender  != _to ) ||   ( _balances[msg.sender] ==  __verifier_old_uint ( _balances[msg.sender]) && msg.sender  == _to ) &&  success )   || !success
    /// @notice postcondition ( ( _balances[_to] ==  __verifier_old_uint ( _balances[_to] ) + _value  && msg.sender  != _to ) ||   ( _balances[_to] ==  __verifier_old_uint ( _balances[_to] ) && msg.sender  == _to )  )   || !success
    function transfer(address _to, uint _value) public returns (bool success);

    /**
    * Transfers `_value` amount of tokens from address `_from` to address `_to`, and MUST fire the `Transfer` event.
    * The `transferFrom` method is used for a withdraw workflow, allowing contracts to transfer tokens on your behalf.
    * This can be used for example to allow a contract to transfer tokens on your behalf and/or to charge fees in sub-currencies.
    * The function SHOULD `throw` unless the `_from` account has deliberately authorized the sender of the message via some mechanism.
    * *Note* Transfers of 0 values MUST be treated as normal transfers and fire the `Transfer` event.
    */
    /// @notice postcondition ( ( _balances[_from] ==  __verifier_old_uint (_balances[_from] ) - _value  &&  _from  != _to ) || ( _balances[_from] ==  __verifier_old_uint ( _balances[_from] ) &&  _from == _to ) && success ) || !success 
    /// @notice postcondition ( ( _balances[_to] ==  __verifier_old_uint ( _balances[_to] ) + _value  &&  _from  != _to ) || ( _balances[_to] ==  __verifier_old_uint ( _balances[_to] ) &&  _from  == _to ) && success ) || !success 
    /// @notice postcondition ( _allowed[_from ][msg.sender] ==  __verifier_old_uint (_allowed[_from ][msg.sender] ) - _value && success) || ( _allowed[_from ][msg.sender] ==  __verifier_old_uint (_allowed[_from ][msg.sender]) && !success) ||  _from  == msg.sender
    /// @notice postcondition  _allowed[_from ][msg.sender]  <= __verifier_old_uint (_allowed[_from ][msg.sender] ) ||  _from  == msg.sender
    function transferFrom(address _from, address _to, uint _value) public returns (bool success);

    /**
    * Allows `_spender` to withdraw from your account multiple times, up to the `_value` amount. If this function is called again it overwrites the current allowance with `_value`.
    */
    /// @notice postcondition (_allowed[msg.sender ][ _spender] ==  _value  &&  success) || ( _allowed[msg.sender ][ _spender] ==  __verifier_old_uint ( _allowed[msg.sender ][ _spender] ) && !success )    
    function approve(address _spender, uint _value) public returns (bool success);

    /**
    * Returns the account balance of another account with address `_owner`.
    */
    /// @notice postcondition _balances[_owner] == balance
    function balanceOf(address _owner) public view returns (uint balance);

    /**
    * Returns the amount which `_spender` is still allowed to withdraw from `_owner`.
    */
    /// @notice postcondition _allowed[_owner][_spender] == remaining
    function allowance(address _owner, address _spender) public view returns (uint remaining);
}
",[]
8,120.942777633667,5,True,"pragma solidity >=0.5.0;

contract ERC20 {

    mapping (address => uint) _balances;
    mapping (address => mapping (address => uint)) _allowed;
    uint public _totalSupply;

    /**
    * Returns the total token supply.
    */
    /// @notice postcondition supply == _totalSupply
    function totalSupply() public view returns (uint256 supply);
    
    /**
    * Transfers `_value` amount of tokens to address `_to`, and MUST fire the `Transfer` event.
    * The function SHOULD `throw` if the message caller's account balance does not have enough tokens to spend.
    * *Note* Transfers of 0 values MUST be treated as normal transfers and fire the `Transfer` event.
    */
    /// @notice postcondition ( ( _balances[msg.sender] ==  __verifier_old_uint (_balances[msg.sender] ) - _value  && msg.sender  != _to ) ||   ( _balances[msg.sender] ==  __verifier_old_uint ( _balances[msg.sender]) && msg.sender  == _to ) &&  success )   || !success
    /// @notice postcondition ( ( _balances[_to] ==  __verifier_old_uint ( _balances[_to] ) + _value  && msg.sender  != _to ) ||   ( _balances[_to] ==  __verifier_old_uint ( _balances[_to] ) && msg.sender  == _to )  )   || !success
    function transfer(address _to, uint _value) public returns (bool success);

    /**
    * Transfers `_value` amount of tokens from address `_from` to address `_to`, and MUST fire the `Transfer` event.
    * The `transferFrom` method is used for a withdraw workflow, allowing contracts to transfer tokens on your behalf.
    * This can be used for example to allow a contract to transfer tokens on your behalf and/or to charge fees in sub-currencies.
    * The function SHOULD `throw` unless the `_from` account has deliberately authorized the sender of the message via some mechanism.
    * *Note* Transfers of 0 values MUST be treated as normal transfers and fire the `Transfer` event.
    */
    /// @notice postcondition ( ( _balances[_from] ==  __verifier_old_uint (_balances[_from] ) - _value  &&  _from  != _to ) || ( _balances[_from] ==  __verifier_old_uint ( _balances[_from] ) &&  _from == _to ) && success ) || !success 
    /// @notice postcondition ( ( _balances[_to] ==  __verifier_old_uint ( _balances[_to] ) + _value  &&  _from  != _to ) || ( _balances[_to] ==  __verifier_old_uint ( _balances[_to] ) &&  _from  == _to ) && success ) || !success 
    /// @notice postcondition ( _allowed[_from ][msg.sender] ==  __verifier_old_uint (_allowed[_from ][msg.sender] ) - _value && success) || ( _allowed[_from ][msg.sender] ==  __verifier_old_uint (_allowed[_from ][msg.sender]) && !success) ||  _from  == msg.sender
    function transferFrom(address _from, address _to, uint _value) public returns (bool success);

    /**
    * Allows `_spender` to withdraw from your account multiple times, up to the `_value` amount. If this function is called again it overwrites the current allowance with `_value`.
    */
    /// @notice postcondition (_allowed[msg.sender ][ _spender] ==  _value  &&  success) || ( _allowed[msg.sender ][ _spender] ==  __verifier_old_uint ( _allowed[msg.sender ][ _spender] ) && !success )    
    function approve(address _spender, uint _value) public returns (bool success);

    /**
    * Returns the account balance of another account with address `_owner`.
    */
    /// @notice postcondition _balances[_owner] == balance
    function balanceOf(address _owner) public view returns (uint balance);

    /**
    * Returns the amount which `_spender` is still allowed to withdraw from `_owner`.
    */
    /// @notice postcondition _allowed[_owner][_spender] == remaining
    function allowance(address _owner, address _spender) public view returns (uint remaining);
}
",[]
9,35.758073806762695,0,True,"pragma solidity >=0.5.0;

contract ERC20 {

    mapping (address => uint) _balances;
    mapping (address => mapping (address => uint)) _allowed;
    uint public _totalSupply;

    /**
    * Returns the total token supply.
    */
    /// @notice postcondition supply == _totalSupply
    function totalSupply() public view returns (uint256 supply);
    
    /**
    * Transfers `_value` amount of tokens to address `_to`, and MUST fire the `Transfer` event.
    * The function SHOULD `throw` if the message caller's account balance does not have enough tokens to spend.
    * Note: Transfers of 0 values MUST be treated as normal transfers and fire the `Transfer` event.
    */
    /// @notice postcondition ( ( _balances[msg.sender] ==  __verifier_old_uint (_balances[msg.sender] ) - _value  && msg.sender  != _to ) ||   ( _balances[msg.sender] ==  __verifier_old_uint ( _balances[msg.sender]) && msg.sender  == _to ) &&  success )   || !success
    /// @notice postcondition ( ( _balances[_to] ==  __verifier_old_uint ( _balances[_to] ) + _value  && msg.sender  != _to ) ||   ( _balances[_to] ==  __verifier_old_uint ( _balances[_to] ) && msg.sender  == _to )  )   || !success
    function transfer(address _to, uint _value) public returns (bool success);

    /**
    * Transfers `_value` amount of tokens from address `_from` to address `_to`, and MUST fire the `Transfer` event.
    * The `transferFrom` method is used for a withdraw workflow, allowing contracts to transfer tokens on your behalf.
    * This can be used for example to allow a contract to transfer tokens on your behalf and/or to charge fees in sub-currencies.
    * The function SHOULD `throw` unless the `_from` account has deliberately authorized the sender of the message via some mechanism.
    * Note: Transfers of 0 values MUST be treated as normal transfers and fire the `Transfer` event.
    */
    /// @notice postcondition ( ( _balances[_from] ==  __verifier_old_uint (_balances[_from] ) - _value  &&  _from  != _to ) || ( _balances[_from] ==  __verifier_old_uint ( _balances[_from] ) &&  _from == _to ) && success ) || !success 
    /// @notice postcondition ( ( _balances[_to] ==  __verifier_old_uint ( _balances[_to] ) + _value  &&  _from  != _to ) || ( _balances[_to] ==  __verifier_old_uint ( _balances[_to] ) &&  _from  == _to ) && success ) || !success 
    /// @notice postcondition ( _allowed[_from ][msg.sender] ==  __verifier_old_uint (_allowed[_from ][msg.sender] ) - _value && success) || ( _allowed[_from ][msg.sender] ==  __verifier_old_uint (_allowed[_from ][msg.sender]) && !success) ||  _from  == msg.sender
    /// @notice postcondition  _allowed[_from ][msg.sender]  <= __verifier_old_uint (_allowed[_from ][msg.sender] ) ||  _from  == msg.sender
    function transferFrom(address _from, address _to, uint _value) public returns (bool success);

    /**
    * Allows `_spender` to withdraw from your account multiple times, up to the `_value` amount. If this function is called again it overwrites the current allowance with `_value`.
    */
    /// @notice postcondition (_allowed[msg.sender ][ _spender] ==  _value  &&  success) || ( _allowed[msg.sender ][ _spender] ==  __verifier_old_uint ( _allowed[msg.sender ][ _spender] ) && !success )    
    function approve(address _spender, uint _value) public returns (bool success);

    /**
    * Returns the account balance of another account with address `_owner`.
    */
    /// @notice postcondition _balances[_owner] == balance
    function balanceOf(address _owner) public view returns (uint256 balance);

    /**
    * Returns the amount which `_spender` is still allowed to withdraw from `_owner`.
    */
    /// @notice postcondition _allowed[_owner][_spender] == remaining
    function allowance(address _owner, address _spender) public view returns (uint256 remaining);
}
",[]
10,240.77311897277832,7,True,"pragma solidity >=0.5.0;

contract ERC20 {

    mapping (address => uint) _balances;
    mapping (address => mapping (address => uint)) _allowed;
    uint public _totalSupply;

    /**
    * Returns the total token supply.
    */
    /// @notice postcondition supply == _totalSupply
    function totalSupply() public view returns (uint256 supply);
    
    /**
    * Transfers `_value` amount of tokens to address `_to`, and MUST fire the `Transfer` event.
    * The function SHOULD `throw` if the message caller's account balance does not have enough tokens to spend.
    * *Note* Transfers of 0 values MUST be treated as normal transfers and fire the `Transfer` event.
    */
    /// @notice postcondition ( ( _balances[msg.sender] ==  __verifier_old_uint (_balances[msg.sender] ) - _value  && msg.sender  != _to ) ||   ( _balances[msg.sender] ==  __verifier_old_uint ( _balances[msg.sender]) && msg.sender  == _to ) &&  success )   || !success
    /// @notice postcondition ( ( _balances[_to] ==  __verifier_old_uint ( _balances[_to] ) + _value  && msg.sender  != _to ) ||   ( _balances[_to] ==  __verifier_old_uint ( _balances[_to] ) && msg.sender  == _to )  )   || !success
    /// @notice postcondition _balances[msg.sender] == __verifier_old_uint(_balances[msg.sender]) - (msg.sender != _to ? _value : 0) || !success
    /// @notice postcondition _balances[_to] == __verifier_old_uint(_balances[_to]) + (msg.sender != _to ? _value : 0) || !success
    function transfer(address _to, uint _value) public returns (bool success);

    /**
    * Transfers `_value` amount of tokens from address `_from` to address `_to`, and MUST fire the `Transfer` event.
    * The `transferFrom` method is used for a withdraw workflow, allowing contracts to transfer tokens on your behalf.
    * This can be used for example to allow a contract to transfer tokens on your behalf and/or to charge fees in sub-currencies.
    * The function SHOULD `throw` unless the `_from` account has deliberately authorized the sender of the message via some mechanism.
    * *Note* Transfers of 0 values MUST be treated as normal transfers and fire the `Transfer` event.
    */
    /// @notice postcondition ( ( _balances[_from] ==  __verifier_old_uint (_balances[_from] ) - _value  &&  _from  != _to ) || ( _balances[_from] ==  __verifier_old_uint ( _balances[_from] ) &&  _from == _to ) && success ) || !success 
    /// @notice postcondition ( ( _balances[_to] ==  __verifier_old_uint ( _balances[_to] ) + _value  &&  _from  != _to ) || ( _balances[_to] ==  __verifier_old_uint ( _balances[_to] ) &&  _from  == _to ) && success ) || !success 
    /// @notice postcondition ( _allowed[_from ][msg.sender] ==  __verifier_old_uint (_allowed[_from ][msg.sender] ) - _value && success) || ( _allowed[_from ][msg.sender] ==  __verifier_old_uint (_allowed[_from ][msg.sender]) && !success) ||  _from  == msg.sender
    /// @notice postcondition  _allowed[_from ][msg.sender]  <= __verifier_old_uint (_allowed[_from ][msg.sender] ) ||  _from  == msg.sender
    function transferFrom(address _from, address _to, uint _value) public returns (bool success);

    /**
    * Allows `_spender` to withdraw from your account multiple times, up to the `_value` amount. If this function is called again it overwrites the current allowance with `_value`.
    */
    /// @notice postcondition (_allowed[msg.sender ][ _spender] ==  _value  &&  success) || ( _allowed[msg.sender ][ _spender] ==  __verifier_old_uint ( _allowed[msg.sender ][ _spender] ) && !success )    
    function approve(address _spender, uint _value) public returns (bool success);

    /**
    * Returns the account balance of another account with address `_owner`.
    */
    /// @notice postcondition _balances[_owner] == balance
    function balanceOf(address _owner) public view returns (uint balance);

    /**
    * Returns the amount which `_spender` is still allowed to withdraw from `_owner`.
    */
    /// @notice postcondition _allowed[_owner][_spender] == remaining
    function allowance(address _owner, address _spender) public view returns (uint remaining);
}
","[""Iteraction: 1\nERC20::totalSupply: OK\nERC20::balanceOf: OK\nERC20::allowance: OK\nERC20::transfer: ERROR\n - ./solc_verify_generator/ERC20/imp/ERC20_merge.sol:73:5: Postcondition 'success == (_balances[msg.sender] >= _value)' might not hold at end of function.\n - ./solc_verify_generator/ERC20/imp/ERC20_merge.sol:73:5: Postcondition '_balances[_to] >= _value' might not hold at end of function.\nERC20::approve: OK\nERC20::transferFrom: OK\nERC20::increaseAllowance: OK\nERC20::decreaseAllowance: OK\nERC20::[implicit_constructor]: OK\nIERC20::[implicit_constructor]: OK\nErrors were found by the verifier.\n\n"", ""Iteraction: 2\nERC20::totalSupply: OK\nERC20::balanceOf: OK\nERC20::allowance: OK\nERC20::transfer: ERROR\n - ./solc_verify_generator/ERC20/imp/ERC20_merge.sol:73:5: Postcondition 'success == (_balances[msg.sender] >= _value)' might not hold at end of function.\n - ./solc_verify_generator/ERC20/imp/ERC20_merge.sol:73:5: Postcondition '_balances[_to] == __verifier_old_uint(_balances[_to]) + _value || !success' might not hold at end of function.\nERC20::approve: OK\nERC20::transferFrom: OK\nERC20::increaseAllowance: OK\nERC20::decreaseAllowance: OK\nERC20::[implicit_constructor]: OK\nIERC20::[implicit_constructor]: OK\nErrors were found by the verifier.\n\n"", ""Iteraction: 3\nERC20::totalSupply: OK\nERC20::balanceOf: OK\nERC20::allowance: OK\nERC20::transfer: ERROR\n - ./solc_verify_generator/ERC20/imp/ERC20_merge.sol:73:5: Postcondition '_balances[msg.sender] >= _value || !success' might not hold at end of function.\n - ./solc_verify_generator/ERC20/imp/ERC20_merge.sol:73:5: Postcondition '_balances[_to] == __verifier_old_uint(_balances[_to]) + _value || !success' might not hold at end of function.\nERC20::approve: OK\nERC20::transferFrom: OK\nERC20::increaseAllowance: OK\nERC20::decreaseAllowance: OK\nERC20::[implicit_constructor]: OK\nIERC20::[implicit_constructor]: OK\nErrors were found by the verifier.\n\n"", ""Iteraction: 4\nERC20::totalSupply: OK\nERC20::balanceOf: OK\nERC20::allowance: OK\nERC20::transfer: ERROR\n - ./solc_verify_generator/ERC20/imp/ERC20_merge.sol:73:5: Postcondition '_balances[msg.sender] >= _value || !success' might not hold at end of function.\n - ./solc_verify_generator/ERC20/imp/ERC20_merge.sol:73:5: Postcondition '_balances[_to] == __verifier_old_uint(_balances[_to]) + (success ? _value : 0)' might not hold at end of function.\nERC20::approve: OK\nERC20::transferFrom: OK\nERC20::increaseAllowance: OK\nERC20::decreaseAllowance: OK\nERC20::[implicit_constructor]: OK\nIERC20::[implicit_constructor]: OK\nErrors were found by the verifier.\n\n"", ""Iteraction: 5\nERC20::totalSupply: OK\nERC20::balanceOf: OK\nERC20::allowance: OK\nERC20::transfer: ERROR\n - ./solc_verify_generator/ERC20/imp/ERC20_merge.sol:73:5: Postcondition '_balances[msg.sender] >= _value || !success' might not hold at end of function.\nERC20::approve: OK\nERC20::transferFrom: OK\nERC20::increaseAllowance: OK\nERC20::decreaseAllowance: OK\nERC20::[implicit_constructor]: OK\nIERC20::[implicit_constructor]: OK\nErrors were found by the verifier.\n\n"", ""Iteraction: 6\nERC20::totalSupply: OK\nERC20::balanceOf: OK\nERC20::allowance: OK\nERC20::transfer: ERROR\n - ./solc_verify_generator/ERC20/imp/ERC20_merge.sol:73:5: Postcondition '_balances[msg.sender] == __verifier_old_uint(_balances[msg.sender]) - (success ? _value : 0)' might not hold at end of function.\nERC20::approve: OK\nERC20::transferFrom: OK\nERC20::increaseAllowance: OK\nERC20::decreaseAllowance: OK\nERC20::[implicit_constructor]: OK\nIERC20::[implicit_constructor]: OK\nErrors were found by the verifier.\n\n"", ""Iteraction: 7\nERC20::totalSupply: OK\nERC20::balanceOf: OK\nERC20::allowance: OK\nERC20::transfer: ERROR\n - ./solc_verify_generator/ERC20/imp/ERC20_merge.sol:73:5: Postcondition '_balances[msg.sender] >= (success ? _value : 0)' might not hold at end of function.\n - ./solc_verify_generator/ERC20/imp/ERC20_merge.sol:73:5: Postcondition '_balances[_to] == __verifier_old_uint(_balances[_to]) + (success ? _value : 0)' might not hold at end of function.\nERC20::approve: OK\nERC20::transferFrom: OK\nERC20::increaseAllowance: OK\nERC20::decreaseAllowance: OK\nERC20::[implicit_constructor]: OK\nIERC20::[implicit_constructor]: OK\nErrors were found by the verifier.\n\n""]"
