function,balanceOf_post,balanceOf_post,getApproved_post,getApproved_post,isApprovedForAll_post,isApprovedForAll_post,ownerOf_post,ownerOf_post,safeTransferFrom_post,safeTransferFrom_post,setApprovalForAll_post,setApprovalForAll_post,transferFrom_post,transferFrom_post,refines all
option,base_llm,llm_base,base_llm,llm_base,base_llm,llm_base,base_llm,llm_base,base_llm,llm_base,base_llm,llm_base,base_llm,llm_base,
run,,,,,,,,,,,,,,,
1,ERROR,OK,OK,ERROR,OK,OK,OK,OK,ERROR ERROR,OK OK,OK,OK,ERROR,OK,No
2,ERROR,OK,OK,ERROR,OK,OK,OK,OK,OK OK,OK OK,OK,OK,OK,OK,No
6,OK,OK,OK,ERROR,OK,OK,OK,ERROR,ERROR ERROR,OK OK,OK,OK,ERROR,OK,No
7,ERROR,OK,OK,OK,OK,OK,OK,OK,OK OK,OK OK,OK,OK,OK,OK,No
8,OK,OK,OK,ERROR,OK,OK,OK,ERROR,ERROR ERROR,OK OK,OK,OK,ERROR,OK,No
9,ERROR,OK,OK,OK,OK,OK,OK,OK,ERROR ERROR,OK OK,OK,OK,ERROR,OK,No
10,ERROR,OK,OK,OK,OK,OK,OK,OK,OK OK,OK OK,OK,OK,OK,OK,No
