function,balanceOfBatch_post,balanceOfBatch_post,balanceOf_post,balanceOf_post,isApprovedForAll_post,isApprovedForAll_post,safeTransferFrom_post,safeTransferFrom_post,setApprovalForAll_post,setApprovalForAll_post,refines all
option,base_llm,llm_base,base_llm,llm_base,base_llm,llm_base,base_llm,llm_base,base_llm,llm_base,
run,,,,,,,,,,,
1,OK,OK,OK,OK,OK,OK,OK,ERROR,OK,OK,No
2,OK,OK,OK,OK,OK,OK,OK,ERROR,OK,OK,No
3,OK,OK,OK,OK,OK,OK,OK,ERROR,OK,OK,No
4,OK,OK,OK,OK,OK,OK,OK,ERROR,OK,OK,No
5,OK,OK,OK,OK,OK,OK,OK,ERROR,OK,OK,No
6,OK,OK,OK,OK,OK,OK,OK,ERROR,OK,OK,No
7,OK,OK,OK,OK,OK,OK,OK,ERROR,OK,OK,No
8,OK,OK,OK,OK,OK,OK,OK,ERROR,OK,OK,No
9,OK,OK,OK,OK,OK,OK,OK,ERROR,OK,OK,No
10,OK,OK,OK,OK,OK,OK,OK,ERROR,OK,OK,No
